actor,movie_or_TV_name
Paul Goddard,Halifax: Retribution
Paul Goddard,Pulse
Paul Goddard,BlackJack: Ghosts
Paul Goddard,Hildegarde
Paul Goddard,Holy Smoke
Paul Goddard,The Lost World
Paul Goddard,The Matrix
Paul Goddard,Farscape
Paul Goddard,Hart to Hart: Harts in High Season
Paul Goddard,Babe
Paul Goddard,Mighty Morphin Power Rangers: The Movie
Paul Goddard,Dead to the World
Paul Goddard,The Everlasting Secret Family
Paul Goddard,Bullseye
Paul Goddard,Army Wives
Paul Goddard,Barnum
Paul Goddard,The Sooty Show
Belinda McClory,Shadow
Belinda McClory,2099: The Soldier Protocol
Belinda McClory,The Blake Mysteries: Ghost Stories
Belinda McClory,The Doctor Blake Mysteries: Family Portrait
Belinda McClory,Elimination Game
Belinda McClory,The Doctor Blake Mysteries
Belinda McClory,Miss Fisher's Murder Mysteries
Belinda McClory,X
Belinda McClory,Acolytes
Belinda McClory,Darklovestory
Belinda McClory,Kath & Kim
Belinda McClory,Cubbyhouse
Belinda McClory,Mullet
Belinda McClory,Redball
Belinda McClory,The Matrix
Belinda McClory,Hotel de Love
Belinda McClory,Life
Belinda McClory,Halifax f.p.
Belinda McClory,Janus
Belinda McClory,Blue Heelers
Belinda McClory,Phoenix
Belinda McClory,The Flying Doctors
Belinda McClory,Elimination Game
Belinda McClory,X
Belinda McClory,Like Minds
Gloria Foster,A History of God
Gloria Foster,The Matrix Reloaded
Gloria Foster,Christianity: The Second Millennium
Gloria Foster,Soul Food
Gloria Foster,The Matrix
Gloria Foster,Percy & Thunder
Gloria Foster,City of Hope
Gloria Foster,Separate but Equal
Gloria Foster,Separate But Equal
Gloria Foster,Law & Order
Gloria Foster,Leonard Part 6
Gloria Foster,The Atlanta Child Murders
Gloria Foster,The Cosby Show
Gloria Foster,The House of Dies Drear
Gloria Foster,Coriolanus
Gloria Foster,Top Secret
Gloria Foster,To All My Friends On Shore
Gloria Foster,Man and Boy
Gloria Foster,The Angel Levine
Gloria Foster,The Bill Cosby Show
Gloria Foster,The Mod Squad
Gloria Foster,The Outcasts
Gloria Foster,The Dick Cavett Show
Gloria Foster,The Comedians
Gloria Foster,Nothing But a Man
Gloria Foster,The Cool World
Matt Doran,Intersection
Matt Doran,Total Control
Matt Doran,Danger Close: The Battle of Long Tan
Matt Doran,Doctor Doctor
Matt Doran,Crime Watch Daily
Matt Doran,Battle of the Damned
Matt Doran,Wanted
Matt Doran,Found Footage
Matt Doran,Macbeth
Matt Doran,The Great Raid
Matt Doran,Star Wars: Episode II - Attack of the Clones
Matt Doran,Love Is a Four Letter Word
Matt Doran,The Matrix
Matt Doran,Farscape
Matt Doran,The Thin Red Line
Matt Doran,Found Footage
Anthony Ray Parker,Dutch Hollow
Anthony Ray Parker,From Dark Eyes to Winter's Eternity
Anthony Ray Parker,Legend of the Muse
Anthony Ray Parker,Hoax
Anthony Ray Parker,Euphoria
Anthony Ray Parker,Lone Star Deception
Anthony Ray Parker,Jump!
Anthony Ray Parker,Parts of Disease
Anthony Ray Parker,Fast Lane
Anthony Ray Parker,Dead Air
Anthony Ray Parker,Minty the Assassin
Anthony Ray Parker,Revenge
Anthony Ray Parker,Urban Assault
Anthony Ray Parker,The Marine
Anthony Ray Parker,The Making of 'The Marine'
Anthony Ray Parker,Harmony Parker
Anthony Ray Parker,The Matrix
Anthony Ray Parker,The Frighteners
Anthony Ray Parker,Xena: Warrior Princess
Anthony Ray Parker,Hercules: The Legendary Journeys
Anthony Ray Parker,Hercules in the Maze of the Minotaur
Anthony Ray Parker,Power Rangers
Marcus Chong,The Marcus Chong Story
Marcus Chong,Not 4 Sale
Marcus Chong,The Crow: Wicked Prayer
Marcus Chong,Numb3rs
Marcus Chong,Law & Order: Criminal Intent
Marcus Chong,Law & Order: Special Victims Unit
Marcus Chong,The Matrix
Marcus Chong,The Crow: Stairway to Heaven
Marcus Chong,High Freakquency
Marcus Chong,Pure Danger
Marcus Chong,Panther
Marcus Chong,2Pac - Temptations
Marcus Chong,Chicago Hope
Marcus Chong,Vanishing Son II
Marcus Chong,Vanishing Son
Marcus Chong,Vanishing Son
Marcus Chong,Street Justice
Marcus Chong,The Knife and Gun Club
Marcus Chong,Blood Beach
Marcus Chong,Cheech & Chong's Next Movie
Marcus Chong,The Facts of Life
Marcus Chong,Lady and the Tramp: A Lesson in Sharing Attention
Marcus Chong,Little House on the Prairie
Marcus Chong,The Marcus Chong Story
Joe Pantoliano,The Check Up
Joe Pantoliano,Hide and Seek
Joe Pantoliano,The Santa Stakeout
Joe Pantoliano,Chucky
Joe Pantoliano,Eggs
Joe Pantoliano,Reunited Apart
Joe Pantoliano,Bad Boys for Life
Joe Pantoliano,From the Vine
Joe Pantoliano,Feast of the Seven Fishes
Joe Pantoliano,Tacoma FD
Joe Pantoliano,Lake Placid: Legacy
Joe Pantoliano,Happy Anniversary
Joe Pantoliano,The Brawler
Joe Pantoliano,Just Getting Started
Joe Pantoliano,Random Tropical Paradise
Joe Pantoliano,MacGyver
Joe Pantoliano,The Perfect Match
Joe Pantoliano,Sense8
Joe Pantoliano,The Identical
Joe Pantoliano,Jeremy Fink and the Meaning of Life
Joe Pantoliano,Loosies
Joe Pantoliano,The Legend of Secret Pass
Joe Pantoliano,Cats & Dogs: The Revenge of Kitty Galore
Joe Pantoliano,Making of a Cult Classic: The Unauthorized Story of 'The Goonies'
Joe Pantoliano,Deadly Impact
Joe Pantoliano,Percy Jackson & the Olympians: The Lightning Thief
Joe Pantoliano,Falling Up
Joe Pantoliano,The Job
Joe Pantoliano,"No Kidding, Me Too!"
Joe Pantoliano,The Dream is Always the Same: The Story of Risky Business
Joe Pantoliano,Canvas
Joe Pantoliano,Unknown
Joe Pantoliano,Deceit
Joe Pantoliano,...So Goes the Nation
Joe Pantoliano,Wedding Daze
Joe Pantoliano,The Amateurs
Joe Pantoliano,Larry the Cable Guy: Health Inspector
Joe Pantoliano,But Can They Sing?
Joe Pantoliano,Racing Stripes
Joe Pantoliano,Dr. Vegas
Joe Pantoliano,The Tony Danza Show
Joe Pantoliano,The Easter Egg Adventure
Joe Pantoliano,Perfect Opposites
Joe Pantoliano,Second Best
Joe Pantoliano,The Handler
Joe Pantoliano,Bad Boys II
Joe Pantoliano,Daredevil
Joe Pantoliano,The Adventures of Pluto Nash
Joe Pantoliano,Good Day Live
Joe Pantoliano,Cats & Dogs
Joe Pantoliano,Memento
Joe Pantoliano,Ready to Rumble
Joe Pantoliano,A Better Way to Die
Joe Pantoliano,"Olive, The Other Reindeer"
Joe Pantoliano,New Blood
Joe Pantoliano,Roswell
Joe Pantoliano,Making 'The Matrix'
Joe Pantoliano,Taxman
Joe Pantoliano,The Life Before This
Joe Pantoliano,Black and White
Joe Pantoliano,The Matrix
Joe Pantoliano,The Sopranos
Joe Pantoliano,Top of the World
Joe Pantoliano,The Lionhearts
Joe Pantoliano,Godzilla: The Series
Joe Pantoliano,Hoods
Joe Pantoliano,U.S. Marshals
Joe Pantoliano,Pitch
Joe Pantoliano,The View
Joe Pantoliano,Tinseltown
Joe Pantoliano,Natural Enemy
Joe Pantoliano,EZ Streets
Joe Pantoliano,Bound
Joe Pantoliano,Arliss
Joe Pantoliano,Ed McBain's 87th Precinct: Ice
Joe Pantoliano,The Immortals
Joe Pantoliano,Steal Big Steal Little
Joe Pantoliano,The Last Word
Joe Pantoliano,Congo
Joe Pantoliano,Bad Boys
Joe Pantoliano,The Outer Limits
Joe Pantoliano,Beethoven
Joe Pantoliano,Baby's Day Out
Joe Pantoliano,The Flight of the Dove
Joe Pantoliano,Teresa's Tattoo
Joe Pantoliano,Robot in the Family
Joe Pantoliano,Dangerous Heart
Joe Pantoliano,Me and the Kid
Joe Pantoliano,Late Night with Conan O'Brien
Joe Pantoliano,Calendar Girl
Joe Pantoliano,The Fugitive
Joe Pantoliano,Three of Hearts
Joe Pantoliano,Highlander: The Series
Joe Pantoliano,Through the Eyes of a Killer
Joe Pantoliano,Civil Wars
Joe Pantoliano,Zandalee
Joe Pantoliano,Backstreet Dreams
Joe Pantoliano,The Fanelli Boys
Joe Pantoliano,El Diablo
Joe Pantoliano,Short Time
Joe Pantoliano,The Last of the Finest
Joe Pantoliano,Downtown
Joe Pantoliano,The Simpsons
Joe Pantoliano,Tales from the Crypt
Joe Pantoliano,Nightbreaker
Joe Pantoliano,Midnight Run
Joe Pantoliano,Rock 'N Roll Mum
Joe Pantoliano,The In Crowd
Joe Pantoliano,The China Odyssey: Empire of the Sun
Joe Pantoliano,Empire of the Sun
Joe Pantoliano,Beverly Hills Buntz
Joe Pantoliano,Amazon Women on the Moon
Joe Pantoliano,Scenes From the Goldmine
Joe Pantoliano,La Bamba
Joe Pantoliano,The Squeeze
Joe Pantoliano,Destination: America
Joe Pantoliano,L.A. Law
Joe Pantoliano,L.A. Law: Pilot
Joe Pantoliano,Running Scared
Joe Pantoliano,Amazing Stories
Joe Pantoliano,The Goonies
Joe Pantoliano,The Mean Season
Joe Pantoliano,Robert Kennedy & His Times
Joe Pantoliano,The Hitchhiker
Joe Pantoliano,Eddie and the Cruisers
Joe Pantoliano,Hardcastle and McCormick
Joe Pantoliano,Risky Business
Joe Pantoliano,The Final Terror
Joe Pantoliano,Monsignor
Joe Pantoliano,Simon & Simon
Joe Pantoliano,Hill Street Blues
Joe Pantoliano,The Idolmaker
Joe Pantoliano,Alcatraz: The Whole Shocking Story
Joe Pantoliano,Hart to Hart
Joe Pantoliano,From Here to Eternity
Joe Pantoliano,More Than Friends
Joe Pantoliano,Free Country
Joe Pantoliano,M*A*S*H
Joe Pantoliano,Canvas
Joe Pantoliano,Second Best
Joe Pantoliano,"No Kidding, Me Too!"
Joe Pantoliano,"No Kidding, Me Too!"
Hugo Weaving,The Royal Hotel
Hugo Weaving,Koala Man
Hugo Weaving,Franklin
Hugo Weaving,The Bridge Australia
Hugo Weaving,Loveland
Hugo Weaving,Love Me
Hugo Weaving,Lone Wolf
Hugo Weaving,Mr. Corman
Hugo Weaving,Wild Australia: After the Fires
Hugo Weaving,Measure for Measure
Hugo Weaving,Hearts and Bones
Hugo Weaving,Australia in Colour
Hugo Weaving,Mortal Engines
Hugo Weaving,Australia's Lost Impressionist
Hugo Weaving,Black '47
Hugo Weaving,Patrick Melrose
Hugo Weaving,Seven Types of Ambiguity
Hugo Weaving,Jasper Jones
Hugo Weaving,The Soul of War: Making 'Hacksaw Ridge'
Hugo Weaving,Hacksaw Ridge
Hugo Weaving,The Dressmaker
Hugo Weaving,Strangerland
Hugo Weaving,Between a Frock and a Hard Place
Hugo Weaving,The Hobbit: The Battle of the Five Armies
Hugo Weaving,Healing
Hugo Weaving,The Mule
Hugo Weaving,The Turning
Hugo Weaving,Mystery Road
Hugo Weaving,The Hobbit: An Unexpected Journey
Hugo Weaving,Cloud Atlas
Hugo Weaving,Happy Feet Two
Hugo Weaving,Captain America: The First Avenger - Behind the Skull
Hugo Weaving,Captain America: The First Avenger
Hugo Weaving,Transformers: Dark of the Moon
Hugo Weaving,The Key Man
Hugo Weaving,Rake
Hugo Weaving,"I, Spry"
Hugo Weaving,Oranges and Sunshine
Hugo Weaving,Legend of the Guardians: The Owls of Ga'Hoole
Hugo Weaving,The Wolfman
Hugo Weaving,Last Ride
Hugo Weaving,Transformers: Revenge of the Fallen
Hugo Weaving,The Tender Hook
Hugo Weaving,Transformers
Hugo Weaving,In the Company of Actors
Hugo Weaving,The Girl Who Swallowed Bees
Hugo Weaving,Happy Feet
Hugo Weaving,V for Vendetta
Hugo Weaving,Little Fish
Hugo Weaving,Peaches
Hugo Weaving,Confessions of an Action Star
Hugo Weaving,Ringers: Lord of the Fans
Hugo Weaving,The Matrix Reloaded Revisited
Hugo Weaving,The Matrix Revolutions Revisited
Hugo Weaving,Everything Goes
Hugo Weaving,The Matrix Recalibrated
Hugo Weaving,The Matrix Revolutions: Double Agent Smith
Hugo Weaving,Mind Over Matter: The Physicality of the Matrix Future
Hugo Weaving,The Lord of the Rings: The Return of the King
Hugo Weaving,The Matrix Revolutions
Hugo Weaving,The Matrix Reloaded: Pre-Load
Hugo Weaving,After the Deluge
Hugo Weaving,After the Deluge
Hugo Weaving,Horseplay
Hugo Weaving,The Matrix Reloaded
Hugo Weaving,The Lord of the Rings: The Two Towers
Hugo Weaving,HypaSpace
Hugo Weaving,The Lord of the Rings: The Fellowship of the Ring
Hugo Weaving,A Passage to Middle-earth: Making of 'Lord of the Rings'
Hugo Weaving,Quest for the Ring
Hugo Weaving,The Matrix Revisited
Hugo Weaving,Russian Doll
Hugo Weaving,The Old Man Who Read Love Stories
Hugo Weaving,The Magic Pudding
Hugo Weaving,Strange Planet
Hugo Weaving,Making 'The Matrix'
Hugo Weaving,The Matrix
Hugo Weaving,Babe: Pig in the City
Hugo Weaving,Bedrooms and Hallways
Hugo Weaving,The Interview
Hugo Weaving,The Kiss
Hugo Weaving,The View
Hugo Weaving,True Love and Chaos
Hugo Weaving,Frontier
Hugo Weaving,The Bite
Hugo Weaving,Wild Australia: The Edge
Hugo Weaving,Bordertown
Hugo Weaving,Babe
Hugo Weaving,Halifax f.p.
Hugo Weaving,Ladies Please!
Hugo Weaving,"The Adventures of Priscilla, Queen of the Desert"
Hugo Weaving,The Forgotten Force
Hugo Weaving,The Custodian
Hugo Weaving,Frauds
Hugo Weaving,Reckless Kelly
Hugo Weaving,Road to Alice
Hugo Weaving,Proof
Hugo Weaving,Wendy Cracked a Walnut
Hugo Weaving,Bangkok Hilton
Hugo Weaving,Dadah Is Death
Hugo Weaving,The Dirtwater Dynasty
Hugo Weaving,The Right Hand Man
Hugo Weaving,For Love Alone
Hugo Weaving,Bodyline
Hugo Weaving,The City's Edge
Hugo Weaving,...Maybe This Time
Hugo Weaving,Ship of Theseus
Hugo Weaving,Russian Doll
Carrie-Anne Moss,The Acolyte
Carrie-Anne Moss,Doorways
Carrie-Anne Moss,Pretty/Handsome
Carrie-Anne Moss,Face
Carrie-Anne Moss,The Matrix Resurrections
Carrie-Anne Moss,The Clockwork Girl
Carrie-Anne Moss,Power for Pollinators
Carrie-Anne Moss,Wisting
Carrie-Anne Moss,Tell Me a Story
Carrie-Anne Moss,Red Table Talk
Carrie-Anne Moss,Marvel's The Defenders
Carrie-Anne Moss,Marvel's Iron Fist
Carrie-Anne Moss,Brain on Fire
Carrie-Anne Moss,The Bye Bye Man
Carrie-Anne Moss,Marvel's Jessica Jones
Carrie-Anne Moss,Frankenstein
Carrie-Anne Moss,Unity
Carrie-Anne Moss,Humans
Carrie-Anne Moss,Marvel's Daredevil
Carrie-Anne Moss,Man Seeking Woman
Carrie-Anne Moss,Pirate's Passage
Carrie-Anne Moss,The Game Awards
Carrie-Anne Moss,Elephant Song
Carrie-Anne Moss,Dragon Nest: Warriors' Dawn
Carrie-Anne Moss,The Milky Way
Carrie-Anne Moss,Pompeii
Carrie-Anne Moss,Treading Water
Carrie-Anne Moss,Crossing Lines
Carrie-Anne Moss,Compulsion
Carrie-Anne Moss,Knife Fight
Carrie-Anne Moss,Silent Hill: Revelation 3D
Carrie-Anne Moss,Vegas
Carrie-Anne Moss,Unthinkable
Carrie-Anne Moss,Love Hurts
Carrie-Anne Moss,Fireflies in the Garden
Carrie-Anne Moss,Chuck
Carrie-Anne Moss,Normal
Carrie-Anne Moss,Disturbia
Carrie-Anne Moss,Snow Cake
Carrie-Anne Moss,Fido
Carrie-Anne Moss,Mini's First Time
Carrie-Anne Moss,The Chumscrubber
Carrie-Anne Moss,Confessions of an Action Star
Carrie-Anne Moss,The Matrix Reloaded: Car Chase
Carrie-Anne Moss,The Matrix Reloaded Revisited
Carrie-Anne Moss,The Matrix Revolutions Revisited
Carrie-Anne Moss,Suspect Zero
Carrie-Anne Moss,The Matrix Recalibrated
Carrie-Anne Moss,The Matrix Revolutions
Carrie-Anne Moss,The Matrix Reloaded: Pre-Load
Carrie-Anne Moss,Kid's Story
Carrie-Anne Moss,The Matrix Reloaded
Carrie-Anne Moss,The Animatrix
Carrie-Anne Moss,A Detective Story
Carrie-Anne Moss,The Matrix Revisited
Carrie-Anne Moss,Red Planet
Carrie-Anne Moss,Memento
Carrie-Anne Moss,The Crew
Carrie-Anne Moss,Chocolat
Carrie-Anne Moss,New Blood
Carrie-Anne Moss,Making 'The Matrix'
Carrie-Anne Moss,The Matrix
Carrie-Anne Moss,The Secret Life of Algernon
Carrie-Anne Moss,The View
Carrie-Anne Moss,Lethal Tender
Carrie-Anne Moss,FX: The Series
Carrie-Anne Moss,Sabotage
Carrie-Anne Moss,Nowhere Man
Carrie-Anne Moss,Terrified
Carrie-Anne Moss,The Soft Kill
Carrie-Anne Moss,Due South
Carrie-Anne Moss,Flashfire
Carrie-Anne Moss,Models Inc.
Carrie-Anne Moss,Doorways
Carrie-Anne Moss,Matrix
Carrie-Anne Moss,Forever Knight
Carrie-Anne Moss,Nightmare Cafe
Carrie-Anne Moss,Dark Justice
Carrie-Anne Moss,L.A. Law
Carrie-Anne Moss,The Hitchhiker
Laurence Fishburne,The Sterling Affairs
Laurence Fishburne,Tau Ceti Foxtrot
Laurence Fishburne,Megalopolis
Laurence Fishburne,Slingshot
Laurence Fishburne,Crimson Blues
Laurence Fishburne,Fencer
Laurence Fishburne,The Blacksmith
Laurence Fishburne,Sneaks
Laurence Fishburne,John Wick: Chapter 4
Laurence Fishburne,The School for Good and Evil
Laurence Fishburne,Is That Black Enough for You?!?
Laurence Fishburne,Bonnie
Laurence Fishburne,black-ish: A Celebration – An ABC News Special
Laurence Fishburne,All the Old Knives
Laurence Fishburne,Death to 2021
Laurence Fishburne,MacGruber
Laurence Fishburne,Clint Eastwood: A Cinematic Legacy
Laurence Fishburne,The Ice Road
Laurence Fishburne,Under the Stadium Lights
Laurence Fishburne,Death to 2020
Laurence Fishburne,History's Greatest Mysteries
Laurence Fishburne,Our Lady of 121st Street
Laurence Fishburne,#FreeRayshawn
Laurence Fishburne,mixed-ish
Laurence Fishburne,Imprisoned
Laurence Fishburne,Running with the Devil
Laurence Fishburne,"Where'd You Go, Bernadette"
Laurence Fishburne,John Wick: Chapter 3 - Parabellum
Laurence Fishburne,The Mule
Laurence Fishburne,Black Hollywood: 'They've Gotta Have Us'
Laurence Fishburne,Ant-Man and the Wasp
Laurence Fishburne,grown-ish
Laurence Fishburne,Last Flag Flying
Laurence Fishburne,Year Million
Laurence Fishburne,John Wick: Chapter 2
Laurence Fishburne,Madiba
Laurence Fishburne,Passengers
Laurence Fishburne,The Snowy Day
Laurence Fishburne,Roots
Laurence Fishburne,Batman v Superman: Dawn of Justice
Laurence Fishburne,Standoff
Laurence Fishburne,Jay Leno's Garage
Laurence Fishburne,The Muppets
Laurence Fishburne,Sean Connery: In His Own Words
Laurence Fishburne,August Wilson: The Ground on Which I Stand
Laurence Fishburne,Rudderless
Laurence Fishburne,black-ish
Laurence Fishburne,The Signal
Laurence Fishburne,And the Oscar Goes To...
Laurence Fishburne,Ride Along
Laurence Fishburne,Khumba
Laurence Fishburne,Man of Steel
Laurence Fishburne,The Colony
Laurence Fishburne,The Frame
Laurence Fishburne,Hannibal
Laurence Fishburne,Slavery by Another Name
Laurence Fishburne,Have a Little Faith
Laurence Fishburne,A Man's Story
Laurence Fishburne,Contagion
Laurence Fishburne,The Enduring Significance of 'Boyz n the Hood'
Laurence Fishburne,Thurgood
Laurence Fishburne,Top Gear
Laurence Fishburne,Conan
Laurence Fishburne,Predators: The Chosen
Laurence Fishburne,Predators: Moments of Extraction
Laurence Fishburne,Predators
Laurence Fishburne,Never Sleep Again: The Elm Street Legacy
Laurence Fishburne,Rappin' With The Rickster
Laurence Fishburne,Armored
Laurence Fishburne,Black Water Transit
Laurence Fishburne,The Black List: Volume Two
Laurence Fishburne,Tortured
Laurence Fishburne,Elvis Mitchell: Under the Influence
Laurence Fishburne,21
Laurence Fishburne,The Death and Life of Bobby Z
Laurence Fishburne,Fantastic Four: Rise of the Silver Surfer
Laurence Fishburne,TMNT
Laurence Fishburne,King: Man of Peace in a Time of War
Laurence Fishburne,Bobby
Laurence Fishburne,Five Fingers
Laurence Fishburne,Akeelah and the Bee
Laurence Fishburne,Mission: Impossible III
Laurence Fishburne,The Making of 'Event Horizon'
Laurence Fishburne,Kiss Kiss Bang Bang
Laurence Fishburne,Ashes and Snow
Laurence Fishburne,Assault on Precinct 13
Laurence Fishburne,The Late Late Show with Craig Ferguson
Laurence Fishburne,The Matrix Revolutions Revisited
Laurence Fishburne,The Matrix Reloaded Revisited
Laurence Fishburne,The Matrix Reloaded: Car Chase
Laurence Fishburne,House
Laurence Fishburne,The Matrix Recalibrated
Laurence Fishburne,The Matrix Revolutions
Laurence Fishburne,The Matrix Reloaded: Pre-Load
Laurence Fishburne,The Blues
Laurence Fishburne,Friendly Fire: Making of an Urban Legend
Laurence Fishburne,Dorothy Dandridge: An American Beauty
Laurence Fishburne,The Soul of a Man
Laurence Fishburne,The Matrix Reloaded
Laurence Fishburne,MTV Reloaded
Laurence Fishburne,Biker Boyz
Laurence Fishburne,Behind the Action in 'Biker Boyz'
Laurence Fishburne,Jimmy Kimmel Live!
Laurence Fishburne,A History of Sex
Laurence Fishburne,Mystic River
Laurence Fishburne,CSI: Miami
Laurence Fishburne,The Matrix Revisited
Laurence Fishburne,Osmosis Jones
Laurence Fishburne,Once in the Life
Laurence Fishburne,CSI: Crime Scene Investigation
Laurence Fishburne,Michael Jordan to the max
Laurence Fishburne,Making 'The Matrix'
Laurence Fishburne,The Matrix
Laurence Fishburne,Welcome to Hollywood
Laurence Fishburne,The Magic Hour
Laurence Fishburne,Always Outnumbered
Laurence Fishburne,Hoodlum
Laurence Fishburne,Event Horizon
Laurence Fishburne,The View
Laurence Fishburne,Miss Evers' Boys
Laurence Fishburne,The Daily Show with Trevor Noah
Laurence Fishburne,Fled
Laurence Fishburne,Othello
Laurence Fishburne,MADtv
Laurence Fishburne,The Tuskegee Airmen
Laurence Fishburne,Just Cause
Laurence Fishburne,Bad Company
Laurence Fishburne,Higher Learning
Laurence Fishburne,Inside the Actors Studio
Laurence Fishburne,Searching for Bobby Fischer
Laurence Fishburne,What's Love Got to Do with It
Laurence Fishburne,TriBeCa
Laurence Fishburne,The Tonight Show with Jay Leno
Laurence Fishburne,Deep Cover
Laurence Fishburne,Hearts of Darkness: A Filmmaker's Apocalypse
Laurence Fishburne,Boyz n the Hood
Laurence Fishburne,Class Action
Laurence Fishburne,The Massachusetts 54th Colored Infantry
Laurence Fishburne,Decoration Day
Laurence Fishburne,Cadence
Laurence Fishburne,The Civil War
Laurence Fishburne,King of New York
Laurence Fishburne,Pee-wee's Playhouse Christmas Special
Laurence Fishburne,LIVE with Kelly and Ryan
Laurence Fishburne,Red Heat
Laurence Fishburne,School Daze
Laurence Fishburne,Cherry 2000
Laurence Fishburne,Gardens of Stone
Laurence Fishburne,A Nightmare on Elm Street 3: Dream Warriors
Laurence Fishburne,Pee-wee's Playhouse
Laurence Fishburne,Band of the Hand
Laurence Fishburne,Quicksilver
Laurence Fishburne,The Color Purple
Laurence Fishburne,Spenser: For Hire
Laurence Fishburne,The Equalizer
Laurence Fishburne,The Cotton Club
Laurence Fishburne,Miami Vice
Laurence Fishburne,Rumble Fish
Laurence Fishburne,"For Us, the Living: The Story of Medgar Evers"
Laurence Fishburne,I Take These Men
Laurence Fishburne,Death Wish II
Laurence Fishburne,Hill Street Blues
Laurence Fishburne,A Rumor of War
Laurence Fishburne,Willie and Phil
Laurence Fishburne,The Six O'Clock Follies
Laurence Fishburne,"Trapper John, M.D."
Laurence Fishburne,Apocalypse Now
Laurence Fishburne,Fast Break
Laurence Fishburne,"Cornbread, Earl and Me"
Laurence Fishburne,"If You Give a Dance, You Gotta Pay the Band"
Laurence Fishburne,M*A*S*H
Laurence Fishburne,The Oscars
Laurence Fishburne,Hallmark Hall of Fame
Laurence Fishburne,Sneaks
Laurence Fishburne,Marvel's Moon Girl and Devil Dinosaur
Laurence Fishburne,The Cave of Adullam
Laurence Fishburne,mixed-ish
Laurence Fishburne,grown-ish
Laurence Fishburne,Year Million
Laurence Fishburne,black-ish
Laurence Fishburne,Five Fingers
Laurence Fishburne,Akeelah and the Bee
Laurence Fishburne,Once in the Life
Laurence Fishburne,Always Outnumbered
Laurence Fishburne,Hoodlum
Laurence Fishburne,Miss Evers' Boys
Laurence Fishburne,Once in the Life
Laurence Fishburne,Once in the Life
Keanu Reeves,The Devil in the White City
Keanu Reeves,BRZRKR
Keanu Reeves,Conquest
Keanu Reeves,Ballerina
Keanu Reeves,Outcome
Keanu Reeves,Untitled Constantine Sequel
Keanu Reeves,BRZRKR
Keanu Reeves,John Wick: Chapter 5
Keanu Reeves,Past Midnight
Keanu Reeves,John Wick: Chapter 4
Keanu Reeves,"Keanu Reeves, messie pop"
Keanu Reeves,Hannibal Hopkins & Sir Anthony
Keanu Reeves,DC League of Super-Pets
Keanu Reeves,The Matrix Resurrections
Keanu Reeves,The Thanksgiving Play
Keanu Reeves,A World of Calm
Keanu Reeves,The Drew Barrymore Show
Keanu Reeves,Bill & Ted Face the Music
Keanu Reeves,The SpongeBob Movie: Sponge on the Run
Keanu Reeves,Between Two Ferns: The Movie
Keanu Reeves,Iron Fists and Kung Fu Kicks
Keanu Reeves,Toy Story 4
Keanu Reeves,Always Be My Maybe
Keanu Reeves,John Wick: Chapter 3 - Parabellum
Keanu Reeves,Replicas
Keanu Reeves,Destination Wedding
Keanu Reeves,Siberia
Keanu Reeves,Red Table Talk
Keanu Reeves,James Cameron's Story of Science Fiction
Keanu Reeves,SPF-18
Keanu Reeves,The Bad Batch
Keanu Reeves,Wick's Toolbox
Keanu Reeves,"As Above, So Below: The Underworld of 'John Wick'"
Keanu Reeves,John Wick Chapter 2: Wick-vizzed
Keanu Reeves,Chamber Check: Evolution of a Fight Scene
Keanu Reeves,"Friends, Confidantes: The Keanu/Chad Partnership"
Keanu Reeves,Training 'John Wick'
Keanu Reeves,A Happening of Monumental Proportions
Keanu Reeves,John Wick: Chapter 2
Keanu Reeves,To the Bone
Keanu Reeves,Quantum Is Calling
Keanu Reeves,Mifune: The Last Samurai
Keanu Reeves,Swedish Dicks
Keanu Reeves,The Neon Demon
Keanu Reeves,Keanu
Keanu Reeves,The Whole Truth
Keanu Reeves,Anyone Can Quantum
Keanu Reeves,Exposed
Keanu Reeves,Jay Leno's Garage
Keanu Reeves,The Late Show with Stephen Colbert
Keanu Reeves,Knock Knock
Keanu Reeves,Deep Web
Keanu Reeves,John Wick: Assassin's Code (Extra)
Keanu Reeves,Don't F*#% With John Wick
Keanu Reeves,John Wick: Calling in the Cavalry
Keanu Reeves,The Game Awards
Keanu Reeves,21 Years: Richard Linklater
Keanu Reeves,John Wick
Keanu Reeves,Car Matchmaker with Spike Feresten
Keanu Reeves,The Tonight Show Starring Jimmy Fallon
Keanu Reeves,47 Ronin
Keanu Reeves,Man of Tai Chi
Keanu Reeves,The Frame
Keanu Reeves,Side by Side
Keanu Reeves,Generation Um...
Keanu Reeves,Sunset Strip
Keanu Reeves,A Man's Story
Keanu Reeves,My Own Private River
Keanu Reeves,Henry's Crime
Keanu Reeves,The Private Lives of Pippa Lee
Keanu Reeves,The Day the Earth Stood Still
Keanu Reeves,Easy to Assemble
Keanu Reeves,Street Kings
Keanu Reeves,The Blood Is the Life: The Making of 'Bram Stoker's Dracula'
Keanu Reeves,In Camera: The Naïve Visual Effects of 'Bram Stoker's Dracula'
Keanu Reeves,The Graham Norton Show
Keanu Reeves,One Summer in Austin: The Story of Filming 'A Scanner Darkly'
Keanu Reeves,The Great Warming
Keanu Reeves,The One Show
Keanu Reeves,A Scanner Darkly
Keanu Reeves,The Lake House
Keanu Reeves,Behind the Scenes Documentary: Thumbsucker
Keanu Reeves,Echo
Keanu Reeves,The Making of My Own Private Idaho
Keanu Reeves,Constantine
Keanu Reeves,Thumbsucker
Keanu Reeves,Ellie Parker
Keanu Reeves,Unscripted
Keanu Reeves,The Matrix Reloaded Revisited
Keanu Reeves,The Matrix Revolutions Revisited
Keanu Reeves,The Matrix Revolutions: Neo Realism - Evolution of Bullet Time
Keanu Reeves,Mind Over Matter: The Physicality of the Matrix Future
Keanu Reeves,The Matrix Recalibrated
Keanu Reeves,Something's Gotta Give
Keanu Reeves,The Matrix Revolutions
Keanu Reeves,The Matrix Reloaded: Pre-Load
Keanu Reeves,Keanu Reeves: Journey to Success
Keanu Reeves,Celebrities Uncensored
Keanu Reeves,Kid's Story
Keanu Reeves,The Matrix Reloaded
Keanu Reeves,MTV Reloaded
Keanu Reeves,The Animatrix
Keanu Reeves,Jimmy Kimmel Live!
Keanu Reeves,Bowling for Columbine
Keanu Reeves,Sucré Salé
Keanu Reeves,The Matrix Revisited
Keanu Reeves,Hardball
Keanu Reeves,Sweet November
Keanu Reeves,The Watcher
Keanu Reeves,The Replacements
Keanu Reeves,The Gift
Keanu Reeves,Making 'The Matrix'
Keanu Reeves,Me and Will
Keanu Reeves,The Matrix
Keanu Reeves,The Devil's Advocate
Keanu Reeves,The View
Keanu Reeves,The Last Time I Committed Suicide
Keanu Reeves,Taff
Keanu Reeves,Feeling Minnesota
Keanu Reeves,E! True Hollywood Story
Keanu Reeves,Chain Reaction
Keanu Reeves,Mundo VIP
Keanu Reeves,MADtv
Keanu Reeves,A Walk in the Clouds
Keanu Reeves,Johnny Mnemonic
Keanu Reeves,Speed
Keanu Reeves,Even Cowgirls Get the Blues
Keanu Reeves,Little Buddha
Keanu Reeves,Freaked
Keanu Reeves,Much Ado About Nothing
Keanu Reeves,Making 'Bram Stoker's Dracula'
Keanu Reeves,Bram Stoker's Dracula
Keanu Reeves,HBO First Look
Keanu Reeves,The Tonight Show with Jay Leno
Keanu Reeves,Blood Lines: Dracula - The Man. The Myth. The Movies.
Keanu Reeves,Bill & Ted's Bogus Journey
Keanu Reeves,My Own Private Idaho
Keanu Reeves,Point Break
Keanu Reeves,Providence
Keanu Reeves,Tune in Tomorrow...
Keanu Reeves,Bill & Ted's Excellent Adventures
Keanu Reeves,Howie Meets the Ghost of Environmental Disasters Yet to Come
Keanu Reeves,I Love You to Death
Keanu Reeves,Parenthood
Keanu Reeves,Life Under Water
Keanu Reeves,Bill & Ted's Excellent Adventure
Keanu Reeves,Dangerous Liaisons
Keanu Reeves,The Prince of Pennsylvania
Keanu Reeves,LIVE with Kelly and Ryan
Keanu Reeves,Permanent Record
Keanu Reeves,The Night Before
Keanu Reeves,The Tracey Ullman Show
Keanu Reeves,Babes in Toyland
Keanu Reeves,Under the Influence
Keanu Reeves,Act of Vengeance
Keanu Reeves,River's Edge
Keanu Reeves,The Brotherhood of Justice
Keanu Reeves,Flying
Keanu Reeves,Young Again
Keanu Reeves,Youngblood
Keanu Reeves,One Step Away
Keanu Reeves,Comedy Factory
Keanu Reeves,Letting Go
Keanu Reeves,Night Heat
Keanu Reeves,Hangin' In
Keanu Reeves,The Oscars
Keanu Reeves,Today
Keanu Reeves,Bambi Awards
Keanu Reeves,The Devil in the White City
Keanu Reeves,BRZRKR
Keanu Reeves,Ballerina
Keanu Reeves,John Wick: Chapter 4
Keanu Reeves,Bill & Ted Face the Music
Keanu Reeves,Already Gone
Keanu Reeves,Salacia
Keanu Reeves,Replicas
Keanu Reeves,Siberia
Keanu Reeves,Exposed
Keanu Reeves,Knock Knock
Keanu Reeves,John Wick
Keanu Reeves,Side by Side
Keanu Reeves,Deep Web
Keanu Reeves,Man of Tai Chi
Tamara Brown,Stolen
Tamara Brown,This Life
Tamara Brown,Quantico
Tamara Brown,19-2
Tamara Brown,Helix
Tamara Brown,Full Love
Tamara Brown,Sons & Daughters
Tamara Brown,The Matrix
Rana Morrison,Fast & Furious
Rana Morrison,Twilight
Rana Morrison,What Happens in Vegas
Rana Morrison,The Fast and the Furious: Tokyo Drift
Rana Morrison,Underworld
Rana Morrison,Miss Congeniality
Rana Morrison,On Hostile Ground
Rana Morrison,The Matrix
Rana Morrison,Charmed
Rana Morrison,Deep Rising
Rana Morrison,Fear
Rana Morrison,Braveheart
Rana Morrison,The Texas Chainsaw Massacre
Rana Morrison,Urban Legends: Final Cut
Nigel Harbach,False Witness
Nigel Harbach,Australia
Nigel Harbach,Underbelly
Nigel Harbach,East West 101
Nigel Harbach,White Collar Blue
Nigel Harbach,Young Lions
Nigel Harbach,The Matrix
Nigel Harbach,So It Goes
Nigel Harbach,Duval Dare
Nigel Harbach,Static
Nigel Harbach,Road Dogs
Nigel Harbach,Cadet
Nigel Harbach,Ball and Chain
Nigel Harbach,Sheep #3
Nigel Harbach,Deep Blue
Nigel Harbach,All Good
Nigel Harbach,The Runaway
Nigel Harbach,Love and Monsters
Nigel Harbach,X-Men Origins: Wolverine
Nigel Harbach,The Matrix Reloaded
Nigel Harbach,Close Contact
Nigel Harbach,The Matrix
Nigel Harbach,Dark City
Robert Simper,Underbelly
Robert Simper,White Collar Blue
Robert Simper,The Matrix
Robert Simper,Water Rats
Robert Simper,Mighty Morphin Power Rangers: The Movie
Robert Simper,Body Melt
Robert Simper,The Seventh Floor
Robert Simper,The Lighthorsemen
Robert Simper,Somersault
Robert Simper,Star Wars: Episode II - Attack of the Clones
Robert Simper,Police Rescue
Robert Simper,Howling III: The Marsupials
Robert Simper,Aces Go Places II
Chris Pattinson,The Matrix
Bernard Ledger,The 7th Hunt
Bernard Ledger,No Escape
Bernard Ledger,Frauds
Bernard Ledger,Sweetie
Bernard Ledger,High Tide
Bernard Ledger,The Matrix
Bernard Ledger,Dear Cardholder
Bernard Ledger,The Coca-Cola Kid
Michael Butcher,Young Lions
Michael Butcher,The Matrix
Michael Butcher,The Last Crop
Michael Butcher,Police Rescue
Lawrence Woodward,Love and Monsters
Lawrence Woodward,Kesari
Lawrence Woodward,Storm Boy
Lawrence Woodward,Peter Rabbit
Lawrence Woodward,Deadline Gallipoli
Lawrence Woodward,Ice
Lawrence Woodward,Beneath Hill 60
Lawrence Woodward,Australia
Lawrence Woodward,Stealth
Lawrence Woodward,Garage Days
Lawrence Woodward,The Man Who Sued God
Lawrence Woodward,Lantana
Lawrence Woodward,Looking for Alibrandi
Lawrence Woodward,Close Contact
Lawrence Woodward,Spider and Rose
Lawrence Woodward,Resistance
Lawrence Woodward,Police Rescue
Lawrence Woodward,Weekend with Kate
Lawrence Woodward,The Matrix
Lawrence Woodward,Farscape
Lawrence Woodward,The Boys
Lawrence Woodward,Whipping Boy
Lawrence Woodward,The Battlers
Lawrence Woodward,Resistance
Lawrence Woodward,The Time Game
Lawrence Woodward,Police Rescue
Lawrence Woodward,Ice
Luke Quinton,Old School
Luke Quinton,Flying Over Mother
Luke Quinton,The Matrix
Luke Quinton,Echo Point
Luke Quinton,Police Rescue
Luke Quinton,Wanted
Luke Quinton,Mission: Impossible II
Luke Quinton,The Nostradamus Kid
Steve Dodd,Broken Sun
Steve Dodd,September
Steve Dodd,The Matrix
Steve Dodd,Deadly
Steve Dodd,Quigley Down Under
Steve Dodd,Evil Angels
Steve Dodd,Kadaicha
Steve Dodd,Ground Zero
Steve Dodd,The Flying Doctors
Steve Dodd,The Coca-Cola Kid
Steve Dodd,Gallipoli
Steve Dodd,The Chant of Jimmie Blacksmith
Steve Dodd,Kangaroo
Steve Dodd,Bitter Springs
Steve Dodd,The Overlanders
Harry Lawrence,The Goddess of 1967
Harry Lawrence,The Matrix
Harry Lawrence,Flirting
Harry Lawrence,Barracuda
Harry Lawrence,The Flying Doctors
Harry Lawrence,ABBA: The Movie
Harry Lawrence,The FJ Holden
Harry Lawrence,Wake in Fright
Harry Lawrence,Skippy the Bush Kangaroo
Fiona Johnson,Star Wars: Episode II - Attack of the Clones
Fiona Johnson,The Matrix
Fiona Johnson,Peak Practice
Jeremy Ball,The Matrix
Jeremy Ball,Fallen Angels
Jeremy Ball,Police Rescue
David O'Connor,The Matrix
David O'Connor,Cody: The Tipoff
David O'Connor,Police Rescue
David O'Connor,The Cap
Bill Young,Hacksaw Ridge
Bill Young,Drown
Bill Young,Love Child
Bill Young,Heidi Fires Everyone
Bill Young,A Model Daughter: The Killing of Caroline Byrne
Bill Young,Two Laps
Bill Young,The Last Confession of Alexander Pearce
Bill Young,Superman Returns
Bill Young,Japanese Story
Bill Young,Chopper
Bill Young,The Matrix
Bill Young,The Day of the Roses
Bill Young,All Saints
Bill Young,Water Rats
Bill Young,Cody: The Burnout
Bill Young,Cody: Wrong Stuff
Bill Young,Cody: Fall from Grace
Bill Young,Correlli
Bill Young,Vacant Possession
Bill Young,Body Melt
Bill Young,No Worries
Bill Young,Police Rescue
Bill Young,Harbour Beat
Bill Young,Afraid to Dance
Bill Young,Act of Betrayal
Bill Young,The True Believers
Bill Young,Home and Away
Bill Young,Hey Dad..!
Bill Young,The Flying Doctors
Bill Young,Bodyline
Bill Young,Turkey Shoot
Bill Young,Dawn!
Bill Young,The Island
Bill Young,The Roly Poly Man
Natalie Tjen,The Matrix
Adryn White,The Matrix
Janaya Pender,The Matrix
Eleanor Witt,The Matrix
Rowan Witt,Spreadsheet
Rowan Witt,Adore
Rowan Witt,X
Rowan Witt,Underbelly
Rowan Witt,Escape of the Artful Dodger
Rowan Witt,The Matrix
Rowan Witt,Somewhere in the Darkness
Deni Gordon,The Matrix
Deni Gordon,Farscape
Deni Gordon,Heartbreak High
Deni Gordon,Fortress
